date_key,calendar_date,calendar_year,calendar_quarter,month_number,month_name,iso_week,weekday_number,weekday_name,is_weekend,observed_hour_count,grid_load_mwh,average_grid_load_mw,peak_grid_load_mw,reported_generation_mwh,renewable_generation_mwh,conventional_generation_mwh,storage_generation_mwh,renewable_share_of_reported_generation_percent,average_day_ahead_price_eur_per_mwh,minimum_day_ahead_price_eur_per_mwh,maximum_day_ahead_price_eur_per_mwh,negative_price_hour_count,unavailable_generation_value_count
20250101,2025-01-01,2025,1,1,January,1,3,Wednesday,false,24,1180492.00,49187.17,55923.75,1437062.25,1158481.75,273409.25,5171.25,80.61,0.95,-1.01,10.05,14,24
20250102,2025-01-02,2025,1,1,January,1,4,Thursday,false,24,1306006.25,54416.93,62897.00,1367472.50,802920.50,529626.75,34925.25,58.72,92.91,1.56,152.94,0,24
20250103,2025-01-03,2025,1,1,January,1,5,Friday,false,24,1366766.25,56948.59,65361.75,1514692.00,940970.75,562604.50,11116.75,62.12,89.94,69.94,116.66,0,24
20250104,2025-01-04,2025,1,1,January,1,6,Saturday,true,24,1264564.50,52690.19,60559.75,1161745.50,483497.50,643643.50,34604.50,41.62,120.79,90.20,151.24,0,24
20250105,2025-01-05,2025,1,1,January,1,7,Sunday,true,24,1225571.75,51065.49,60078.25,1186401.00,749066.00,427273.00,10062.00,63.14,72.24,28.14,113.84,0,24
20250106,2025-01-06,2025,1,1,January,2,1,Monday,false,24,1346586.25,56107.76,64030.00,1526963.50,1221009.00,288556.75,17397.75,79.96,25.16,9.20,41.37,0,24
20250107,2025-01-07,2025,1,1,January,2,2,Tuesday,false,24,1479229.75,61634.57,70906.50,1595668.75,1152849.00,409699.75,33120.00,72.25,58.29,5.01,101.11,0,24
20250108,2025-01-08,2025,1,1,January,2,3,Wednesday,false,24,1538766.50,64115.27,73128.75,1536224.25,844400.75,667138.75,24684.75,54.97,104.53,57.01,155.46,0,24
20250109,2025-01-09,2025,1,1,January,2,4,Thursday,false,24,1497376.75,62390.70,71044.50,1396396.50,613607.00,746298.50,36491.00,43.94,121.53,88.19,164.88,0,24
20250110,2025-01-10,2025,1,1,January,2,5,Friday,false,24,1535796.75,63991.53,71942.50,1501242.16,808507.66,663882.25,28852.25,53.86,112.43,69.05,144.12,0,24
20250111,2025-01-11,2025,1,1,January,2,6,Saturday,true,24,1344364.00,56015.17,64393.25,1399089.51,764111.51,628358.25,6619.75,54.61,101.89,88.13,122.34,0,24
20250112,2025-01-12,2025,1,1,January,2,7,Sunday,true,24,1268635.00,52859.79,60136.25,1159104.95,494585.45,641053.50,23466.00,42.67,110.07,83.58,146.66,0,24
20250113,2025-01-13,2025,1,1,January,3,1,Monday,false,24,1543399.00,64308.29,74033.50,1349033.30,522556.55,787410.75,39066.00,38.74,129.20,100.00,223.09,0,24
20250114,2025-01-14,2025,1,1,January,3,2,Tuesday,false,24,1617477.50,67394.90,75361.00,1635839.11,801984.11,805240.50,28614.50,49.03,126.82,97.99,184.03,0,24
20250115,2025-01-15,2025,1,1,January,3,3,Wednesday,false,24,1525815.00,63575.63,70812.00,1316736.25,365353.25,907962.00,43421.00,27.75,222.18,107.72,377.99,0,24
20250116,2025-01-16,2025,1,1,January,3,4,Thursday,false,24,1545103.75,64379.32,72243.50,1280302.00,412239.25,832935.00,35127.75,32.20,148.10,115.03,199.65,0,24
20250117,2025-01-17,2025,1,1,January,3,5,Friday,false,24,1544152.00,64339.67,72762.25,1227132.00,347647.25,836036.50,43448.25,28.33,146.32,114.72,208.13,0,24
20250118,2025-01-18,2025,1,1,January,3,6,Saturday,true,24,1324961.25,55206.72,61915.50,1100376.50,308007.75,770700.50,21668.25,27.99,134.15,115.01,167.85,0,24
20250119,2025-01-19,2025,1,1,January,3,7,Sunday,true,24,1252942.75,52205.95,60169.00,1120835.75,393700.50,712270.75,14864.50,35.13,128.72,107.51,159.04,0,24
20250120,2025-01-20,2025,1,1,January,4,1,Monday,false,24,1518645.00,63276.88,72081.25,1253281.00,358135.50,845398.75,49746.75,28.58,231.36,114.41,583.40,0,24
20250121,2025-01-21,2025,1,1,January,4,2,Tuesday,false,24,1531658.00,63819.08,71656.00,1348015.00,402649.50,901066.75,44298.75,29.87,168.46,113.54,301.15,0,24
20250122,2025-01-22,2025,1,1,January,4,3,Wednesday,false,24,1508915.75,62871.49,71098.25,1433488.50,543721.25,856270.75,33496.50,37.93,161.45,114.68,238.60,0,24
20250123,2025-01-23,2025,1,1,January,4,4,Thursday,false,24,1526153.25,63589.72,72298.00,1580034.75,922981.00,638742.00,18311.75,58.42,103.94,58.23,159.03,0,24
20250124,2025-01-24,2025,1,1,January,4,5,Friday,false,24,1486932.00,61955.50,70043.25,1570853.25,1107586.00,452711.00,10556.25,70.51,78.90,40.60,116.23,0,24
20250125,2025-01-25,2025,1,1,January,4,6,Saturday,true,24,1292431.75,53851.32,60700.25,1251284.75,766062.25,445419.50,39803.00,61.22,99.33,59.04,151.00,0,24
20250126,2025-01-26,2025,1,1,January,4,7,Sunday,true,24,1193862.00,49744.25,58724.25,1097831.00,609146.75,472258.25,16426.00,55.49,101.46,23.89,132.77,0,24
20250127,2025-01-27,2025,1,1,January,5,1,Monday,false,24,1484311.50,61846.31,71230.50,1514403.00,1105336.25,388130.50,20936.25,72.99,60.17,10.10,118.67,0,24
20250128,2025-01-28,2025,1,1,January,5,2,Tuesday,false,24,1483767.00,61823.63,69915.75,1382043.00,808716.50,532214.00,41112.50,58.52,106.37,57.33,149.60,0,24
20250129,2025-01-29,2025,1,1,January,5,3,Wednesday,false,24,1491606.50,62150.27,70141.75,1508207.25,967840.75,514416.50,25950.00,64.17,108.14,75.64,150.09,0,24
20250130,2025-01-30,2025,1,1,January,5,4,Thursday,false,24,1486554.25,61939.76,69874.00,1317802.25,595362.50,691951.75,30488.00,45.18,131.53,92.41,180.36,0,24
20250131,2025-01-31,2025,1,1,January,5,5,Friday,false,24,1457845.75,60743.57,69303.00,1361488.75,609010.50,723213.25,29265.00,44.73,141.02,113.12,185.26,0,24
20250201,2025-02-01,2025,1,2,February,5,6,Saturday,true,24,1258504.92,52437.71,58308.19,1097046.25,384810.25,691031.00,21205.00,35.08,135.45,103.40,168.27,0,24
20250202,2025-02-02,2025,1,2,February,5,7,Sunday,true,24,1215842.04,50660.09,58427.62,1027841.00,340498.75,672896.75,14445.50,33.13,137.13,111.88,173.95,0,24
20250203,2025-02-03,2025,1,2,February,6,1,Monday,false,24,1477659.62,61569.15,69699.28,1192985.00,351426.00,798850.25,42708.75,29.46,154.51,115.29,243.23,0,24
20250204,2025-02-04,2025,1,2,February,6,2,Tuesday,false,24,1536942.76,64039.28,72606.38,1352283.25,531983.75,786580.25,33719.25,39.34,142.42,113.17,211.99,0,24
20250205,2025-02-05,2025,1,2,February,6,3,Wednesday,false,24,1555798.29,64824.93,72977.04,1381050.25,536076.50,816158.50,28815.25,38.82,141.77,108.18,189.90,0,24
20250206,2025-02-06,2025,1,2,February,6,4,Thursday,false,24,1512802.39,63033.43,70971.12,1289983.50,405248.75,854965.25,29769.50,31.42,150.09,121.95,219.42,0,24
20250207,2025-02-07,2025,1,2,February,6,5,Friday,false,24,1528301.20,63679.22,72367.17,1700940.75,1016336.25,671085.25,13519.25,59.75,121.18,98.72,164.21,0,24
20250208,2025-02-08,2025,1,2,February,6,6,Saturday,true,24,1319652.09,54985.50,61277.14,1427132.00,813751.00,599260.75,14120.25,57.02,108.81,67.71,161.10,0,24
20250209,2025-02-09,2025,1,2,February,6,7,Sunday,true,24,1245012.28,51875.51,61425.16,1257133.50,579152.75,662459.25,15521.50,46.07,128.42,95.53,161.93,0,24
20250210,2025-02-10,2025,1,2,February,7,1,Monday,false,24,1539663.22,64152.63,73879.92,1587148.00,848478.75,712580.50,26088.75,53.46,121.84,87.38,181.36,0,24
20250211,2025-02-11,2025,1,2,February,7,2,Tuesday,false,24,1580241.67,65843.40,73808.49,1624539.75,849925.00,747315.00,27299.75,52.32,120.01,71.10,168.19,0,24
20250212,2025-02-12,2025,1,2,February,7,3,Wednesday,false,24,1560451.50,65018.81,73311.36,1482421.25,623760.25,830261.25,28399.75,42.08,154.32,126.59,197.13,0,24
20250213,2025-02-13,2025,1,2,February,7,4,Thursday,false,24,1564519.22,65188.30,73547.40,1321280.50,397489.25,881761.25,42030.00,30.08,172.12,136.59,222.36,0,24
20250214,2025-02-14,2025,1,2,February,7,5,Friday,false,24,1524579.37,63524.14,71878.03,1224594.25,291485.00,892593.75,40515.50,23.80,179.14,127.65,298.91,0,24
20250215,2025-02-15,2025,1,2,February,7,6,Saturday,true,24,1307377.33,54474.06,60777.02,1082538.50,265835.75,796076.75,20626.00,24.56,133.66,110.01,174.70,0,24
20250216,2025-02-16,2025,1,2,February,7,7,Sunday,true,24,1256914.83,52371.45,60153.55,1200483.00,486043.00,704038.50,10401.50,40.49,132.65,118.77,169.98,0,24
20250217,2025-02-17,2025,1,2,February,8,1,Monday,false,24,1493540.22,62230.84,70533.04,1364117.75,453613.25,867893.25,42611.25,33.25,153.42,106.78,271.00,0,24
20250218,2025-02-18,2025,1,2,February,8,2,Tuesday,false,24,1527674.72,63653.11,71771.47,1452647.50,627861.00,796379.50,28407.00,43.22,132.45,88.53,193.80,0,24
20250219,2025-02-19,2025,1,2,February,8,3,Wednesday,false,24,1533208.40,63883.68,71633.06,1662416.75,958142.75,683019.50,21254.50,57.64,110.83,81.52,166.37,0,24
20250220,2025-02-20,2025,1,2,February,8,4,Thursday,false,24,1543620.46,64317.52,71633.24,1551315.50,833950.25,686745.25,30620.00,53.76,94.95,82.18,127.98,0,24
20250221,2025-02-21,2025,1,2,February,8,5,Friday,false,24,1436870.83,59869.62,67824.42,1411117.50,843444.25,546285.25,21388.00,59.77,90.80,64.33,152.50,0,24
20250222,2025-02-22,2025,1,2,February,8,6,Saturday,true,24,1266829.85,52784.58,59298.48,1311050.75,877651.75,397495.25,35903.75,66.94,70.32,40.40,115.18,0,24
20250223,2025-02-23,2025,1,2,February,8,7,Sunday,true,24,1141098.38,47545.77,54842.69,1106119.00,647615.50,434404.00,24099.50,58.55,91.04,64.75,154.69,0,24
20250224,2025-02-24,2025,1,2,February,9,1,Monday,false,24,1441008.90,60042.04,69038.49,1459071.50,971047.25,474231.75,13792.50,66.55,91.05,37.10,148.71,0,24
20250225,2025-02-25,2025,1,2,February,9,2,Tuesday,false,24,1404481.76,58520.07,65995.74,1226261.75,442829.75,744859.25,38572.75,36.11,139.76,89.91,233.05,0,24
20250226,2025-02-26,2025,1,2,February,9,3,Wednesday,false,24,1434222.85,59759.29,67640.24,1252695.50,408286.50,816490.25,27918.75,32.59,135.70,112.46,175.19,0,24
20250227,2025-02-27,2025,1,2,February,9,4,Thursday,false,24,1438264.47,59927.69,67623.01,1311255.00,491978.00,796166.00,23111.00,37.52,126.03,99.60,174.71,0,24
20250228,2025-02-28,2025,1,2,February,9,5,Friday,false,24,1422233.66,59259.74,67464.00,1243741.75,388293.75,827326.75,28121.25,31.22,128.77,106.93,161.82,0,24
20250301,2025-03-01,2025,1,3,March,9,6,Saturday,true,24,1244285.25,51845.22,58838.61,1099035.18,387510.43,688344.50,23180.25,35.26,123.65,97.27,158.55,0,24
20250302,2025-03-02,2025,1,3,March,9,7,Sunday,true,24,1182745.01,49281.04,55973.88,1211126.74,638021.74,552089.75,21015.25,52.68,91.12,2.84,146.10,0,24
20250303,2025-03-03,2025,1,3,March,10,1,Monday,false,24,1405731.19,58572.13,66519.44,1419581.36,758137.61,626093.75,35350.00,53.41,106.45,0.01,183.95,0,24
20250304,2025-03-04,2025,1,3,March,10,2,Tuesday,false,24,1447903.18,60329.30,68101.99,1367662.42,728668.92,606958.00,32035.50,53.28,107.77,14.34,180.92,0,24
20250305,2025-03-05,2025,1,3,March,10,3,Wednesday,false,24,1447368.85,60307.04,68768.47,1468371.15,903136.15,536089.75,29145.25,61.51,78.55,-4.28,146.23,3,24
20250306,2025-03-06,2025,1,3,March,10,4,Thursday,false,24,1398046.08,58251.92,66575.59,1300265.20,736604.95,528772.25,34888.00,56.65,89.82,0.02,165.36,0,24
20250307,2025-03-07,2025,1,3,March,10,5,Friday,false,24,1329325.63,55388.57,64515.26,1178336.25,573536.50,566436.50,38363.25,48.67,103.99,8.08,216.64,0,24
20250308,2025-03-08,2025,1,3,March,10,6,Saturday,true,24,1146976.44,47790.69,54038.19,1084923.26,616122.76,447596.50,21204.00,56.79,90.69,-0.34,174.05,2,24
20250309,2025-03-09,2025,1,3,March,10,7,Sunday,true,24,1099817.91,45825.75,54013.54,1039880.81,607773.81,408627.25,23479.75,58.45,77.21,-2.26,136.70,2,24
20250310,2025-03-10,2025,1,3,March,11,1,Monday,false,24,1344023.75,56000.99,64217.03,1064956.37,429941.12,602654.00,32361.25,40.37,112.86,76.02,174.92,0,24
20250311,2025-03-11,2025,1,3,March,11,2,Tuesday,false,24,1391006.68,57958.61,65578.58,1149415.85,405572.10,709889.00,33954.75,35.29,125.30,96.44,205.02,0,24
20250312,2025-03-12,2025,1,3,March,11,3,Wednesday,false,24,1418158.68,59089.95,66947.93,1119694.45,328703.20,757015.00,33976.25,29.36,124.87,97.38,199.75,0,24
20250313,2025-03-13,2025,1,3,March,11,4,Thursday,false,24,1431450.67,59643.78,66975.65,1165985.64,377993.39,756888.00,31104.25,32.42,125.14,96.71,173.47,0,24
20250314,2025-03-14,2025,1,3,March,11,5,Friday,false,24,1416697.68,59029.07,66874.67,1161401.92,403543.92,729591.00,28267.00,34.75,121.23,103.83,155.33,0,24
20250315,2025-03-15,2025,1,3,March,11,6,Saturday,true,24,1202481.53,50103.40,56075.87,1108029.00,600442.75,485011.50,22574.75,54.19,92.92,48.00,132.96,0,24
20250316,2025-03-16,2025,1,3,March,11,7,Sunday,true,24,1153088.66,48045.36,55787.00,1146809.08,658828.33,466518.00,21462.75,57.45,72.03,0.19,140.00,0,24
20250317,2025-03-17,2025,1,3,March,12,1,Monday,false,24,1401572.05,58398.84,65975.65,1338930.26,761718.76,545889.25,31322.25,56.89,99.11,27.95,177.33,0,24
20250318,2025-03-18,2025,1,3,March,12,2,Tuesday,false,24,1402288.69,58428.70,67652.69,1305881.28,696267.03,581819.50,27794.75,53.32,90.14,-1.46,170.91,2,24
20250319,2025-03-19,2025,1,3,March,12,3,Wednesday,false,24,1372994.10,57208.09,66079.29,1258667.96,586275.46,636792.50,35600.00,46.58,104.39,-0.56,248.18,3,24
20250320,2025-03-20,2025,1,3,March,12,4,Thursday,false,24,1346671.91,56111.33,64628.96,1250475.24,567376.99,650729.25,32369.00,45.37,108.30,0.43,280.07,0,24
20250321,2025-03-21,2025,1,3,March,12,5,Friday,false,24,1347446.31,56143.60,63460.66,1299178.10,843490.60,422627.50,33060.00,64.92,73.52,0.00,156.00,0,24
20250322,2025-03-22,2025,1,3,March,12,6,Saturday,true,24,1185537.70,49397.40,55700.26,1373650.65,1077206.15,283059.25,13385.25,78.42,14.96,-15.18,60.03,6,24
20250323,2025-03-23,2025,1,3,March,12,7,Sunday,true,24,1126024.51,46917.69,54156.18,1103877.85,703450.85,374364.25,26062.75,63.73,54.96,5.01,142.51,0,24
20250324,2025-03-24,2025,1,3,March,13,1,Monday,false,24,1318667.50,54944.48,63105.86,1140015.26,372637.76,722169.50,45208.00,32.69,129.88,98.94,211.99,0,24
20250325,2025-03-25,2025,1,3,March,13,2,Tuesday,false,24,1388528.00,57855.33,66056.67,1247564.07,583298.32,641356.75,22909.00,46.75,111.78,68.45,166.36,0,24
20250326,2025-03-26,2025,1,3,March,13,3,Wednesday,false,24,1399176.45,58299.02,66520.66,1246707.30,517370.55,698402.75,30934.00,41.50,114.53,84.50,169.54,0,24
20250327,2025-03-27,2025,1,3,March,13,4,Thursday,false,24,1360873.72,56703.07,64218.92,1221356.69,587134.94,603030.25,31191.50,48.07,98.97,6.67,170.70,0,24
20250328,2025-03-28,2025,1,3,March,13,5,Friday,false,24,1307688.34,54487.01,63201.04,1266251.10,691501.85,542034.25,32715.00,54.61,88.34,-0.03,165.99,2,24
20250329,2025-03-29,2025,1,3,March,13,6,Saturday,true,24,1126670.89,46944.62,52542.77,1055914.51,611779.01,411092.75,33042.75,57.94,84.51,2.06,152.22,0,24
20250330,2025-03-30,2025,1,3,March,13,7,Sunday,true,23,1078479.27,46890.40,52419.64,1249814.45,1001087.20,240505.25,8222.00,80.10,11.68,-26.07,61.71,10,23
20250331,2025-03-31,2025,1,3,March,14,1,Monday,false,24,1341868.14,55911.17,65097.59,1264238.37,714435.87,512842.00,36960.50,56.51,104.40,63.25,183.96,0,24
20250401,2025-04-01,2025,2,4,April,14,2,Tuesday,false,24,1342899.33,55954.14,64567.85,1258804.25,710062.50,520711.75,28030.00,56.41,94.22,10.89,179.96,0,24
20250402,2025-04-02,2025,2,4,April,14,3,Wednesday,false,24,1317063.24,54877.64,63273.36,1384252.00,966837.00,387839.50,29575.50,69.85,61.62,-21.02,150.31,5,24
20250403,2025-04-03,2025,2,4,April,14,4,Thursday,false,24,1298442.59,54101.77,62676.18,1293878.50,813746.00,441998.75,38133.75,62.89,77.50,-8.40,163.48,5,24
20250404,2025-04-04,2025,2,4,April,14,5,Friday,false,24,1267084.16,52795.17,62401.75,1180256.75,645912.75,495635.75,38708.25,54.73,89.91,-1.31,180.17,3,24
20250405,2025-04-05,2025,2,4,April,14,6,Saturday,true,24,1102792.27,45949.68,52720.73,1122773.00,832712.50,261651.25,28409.25,74.17,54.83,-49.10,109.23,6,24
20250406,2025-04-06,2025,2,4,April,14,7,Sunday,true,24,1053184.76,43882.70,50471.94,1038430.00,754142.75,260984.00,23303.25,72.62,38.29,-114.57,132.90,7,24
20250407,2025-04-07,2025,2,4,April,15,1,Monday,false,24,1293661.10,53902.55,62934.89,1204861.00,662411.00,509609.00,32841.00,54.98,96.13,2.19,175.97,0,24
20250408,2025-04-08,2025,2,4,April,15,2,Tuesday,false,24,1301074.17,54211.42,63138.35,1148984.00,543395.25,568088.00,37500.75,47.29,98.75,16.83,180.55,0,24
20250409,2025-04-09,2025,2,4,April,15,3,Wednesday,false,24,1326976.34,55290.68,62841.61,1197701.75,651012.00,515861.50,30828.25,54.36,91.56,6.72,175.56,0,24
20250410,2025-04-10,2025,2,4,April,15,4,Thursday,false,24,1343983.66,55999.32,63837.66,1253935.50,707557.50,507059.25,39318.75,56.43,85.52,0.08,170.59,0,24
20250411,2025-04-11,2025,2,4,April,15,5,Friday,false,24,1317890.22,54912.09,63705.09,1373108.75,910515.25,422050.25,40543.25,66.31,64.63,-4.99,155.00,4,24
20250412,2025-04-12,2025,2,4,April,15,6,Saturday,true,24,1084508.60,45187.86,50663.02,1054954.75,677638.50,334864.00,42452.25,64.23,65.41,-42.01,150.06,5,24
20250413,2025-04-13,2025,2,4,April,15,7,Sunday,true,24,1072549.81,44689.58,51845.36,1151637.50,856467.50,277472.00,17698.00,74.37,39.20,-25.38,120.65,6,24
20250414,2025-04-14,2025,2,4,April,16,1,Monday,false,24,1268209.88,52842.08,62252.58,1155232.75,600223.50,513291.25,41718.00,51.96,98.16,61.64,180.00,0,24
20250415,2025-04-15,2025,2,4,April,16,2,Tuesday,false,24,1332442.79,55518.45,63434.52,1381315.50,904000.25,448179.25,29136.00,65.44,70.04,0.00,141.54,0,24
20250416,2025-04-16,2025,2,4,April,16,3,Wednesday,false,24,1304241.65,54343.40,60817.98,1157301.25,631598.00,491431.00,34272.25,54.58,89.58,22.40,146.52,0,24
20250417,2025-04-17,2025,2,4,April,16,4,Thursday,false,24,1328354.29,55348.10,64819.75,1239078.75,684494.75,520670.25,33913.75,55.24,98.49,77.65,130.00,0,24
20250418,2025-04-18,2025,2,4,April,16,5,Friday,false,24,1079106.11,44962.75,51120.74,945539.75,468608.25,452525.25,24406.25,49.56,87.90,62.64,126.52,0,24
20250419,2025-04-19,2025,2,4,April,16,6,Saturday,true,24,1036643.99,43193.50,48676.19,869646.50,521671.25,317232.25,30743.00,59.99,68.92,-7.26,142.71,3,24
20250420,2025-04-20,2025,2,4,April,16,7,Sunday,true,24,950210.00,39592.08,43674.62,876961.00,571559.25,271856.00,33545.75,65.17,65.26,-52.42,144.95,5,24
20250421,2025-04-21,2025,2,4,April,17,1,Monday,false,24,982258.94,40927.46,46243.83,815813.00,442764.25,352120.00,20928.75,54.27,81.99,8.43,139.14,0,24
20250422,2025-04-22,2025,2,4,April,17,2,Tuesday,false,24,1228779.94,51199.16,59933.33,1005550.00,466627.25,500131.25,38791.50,46.41,112.64,67.66,263.20,0,24
20250423,2025-04-23,2025,2,4,April,17,3,Wednesday,false,24,1284799.87,53533.33,61022.93,1078044.50,512611.00,540850.50,24583.00,47.55,109.48,80.29,155.97,0,24
20250424,2025-04-24,2025,2,4,April,17,4,Thursday,false,24,1330402.20,55433.43,64759.59,1049774.25,534507.00,486364.50,28902.75,50.92,96.80,78.04,121.61,0,24
20250425,2025-04-25,2025,2,4,April,17,5,Friday,false,24,1294833.38,53951.39,63669.11,957203.00,484889.50,442000.75,30312.75,50.66,88.53,40.99,123.78,0,24
20250426,2025-04-26,2025,2,4,April,17,6,Saturday,true,24,1075474.79,44811.45,49980.78,1032205.75,738949.75,261240.75,32015.25,71.59,57.39,-14.85,107.40,6,24
20250427,2025-04-27,2025,2,4,April,17,7,Sunday,true,24,997387.13,41557.80,47178.24,1005623.00,743221.00,238462.75,23939.25,73.91,31.43,-129.81,124.23,7,24
20250428,2025-04-28,2025,2,4,April,18,1,Monday,false,24,1231659.26,51319.14,60214.33,1081208.50,625288.00,417939.25,37981.25,57.83,75.75,-6.18,194.81,5,24
20250429,2025-04-29,2025,2,4,April,18,2,Tuesday,false,24,1263496.30,52645.68,62075.51,1117860.50,658910.50,430077.00,28873.00,58.94,73.20,-1.90,174.75,4,24
20250430,2025-04-30,2025,2,4,April,18,3,Wednesday,false,24,1231318.62,51304.94,59756.06,1058562.50,611250.25,413801.75,33510.50,57.74,74.96,-6.21,176.43,4,24
20250501,2025-05-01,2025,2,5,May,18,4,Thursday,false,24,983001.32,40958.39,45334.73,913572.75,598208.00,281342.75,34022.00,65.48,44.97,-129.99,164.38,7,24
20250502,2025-05-02,2025,2,5,May,18,5,Friday,false,24,1118995.82,46624.83,52181.96,1008198.50,738209.25,235833.25,34156.00,73.22,62.79,-4.00,150.40,5,24
20250503,2025-05-03,2025,2,5,May,18,6,Saturday,true,24,1049217.61,43717.40,50032.76,900769.50,649068.50,219847.00,31854.00,72.06,55.08,-3.04,97.81,5,24
20250504,2025-05-04,2025,2,5,May,18,7,Sunday,true,24,1033231.56,43051.32,49804.97,1025312.50,794484.75,210476.50,20351.25,77.49,33.54,-5.01,112.38,7,24
20250505,2025-05-05,2025,2,5,May,19,1,Monday,false,24,1256328.25,52347.01,60029.92,1059265.00,699679.75,330044.75,29540.50,66.05,87.40,49.66,128.92,0,24
20250506,2025-05-06,2025,2,5,May,19,2,Tuesday,false,24,1274749.63,53114.57,61017.64,1151364.50,775618.00,341227.25,34519.25,67.37,90.96,38.17,161.18,0,24
20250507,2025-05-07,2025,2,5,May,19,3,Wednesday,false,24,1276997.91,53208.25,61169.01,1115748.75,664324.25,417620.50,33804.00,59.54,98.93,63.92,147.15,0,24
20250508,2025-05-08,2025,2,5,May,19,4,Thursday,false,24,1263720.54,52655.02,60623.99,1096827.00,643870.50,416344.25,36612.25,58.70,103.18,63.75,185.08,0,24
20250509,2025-05-09,2025,2,5,May,19,5,Friday,false,24,1237716.51,51571.52,60372.38,1118721.00,700923.50,384464.50,33333.00,62.65,81.11,-0.74,149.13,3,24
20250510,2025-05-10,2025,2,5,May,19,6,Saturday,true,24,1044517.44,43521.56,47995.04,959999.00,654518.75,271343.75,34136.50,68.18,52.30,-114.53,163.20,7,24
20250511,2025-05-11,2025,2,5,May,19,7,Sunday,true,24,963625.62,40151.07,45952.98,1023446.75,785109.00,213295.75,25042.00,76.71,19.41,-250.32,124.86,9,24
20250512,2025-05-12,2025,2,5,May,20,1,Monday,false,24,1215686.56,50653.61,58688.38,1262966.25,945038.00,286950.00,30978.25,74.83,69.61,-35.00,172.70,6,24
20250513,2025-05-13,2025,2,5,May,20,2,Tuesday,false,24,1246575.53,51940.65,59680.27,1171397.00,754149.25,379992.25,37255.50,64.38,79.50,-16.00,223.58,5,24
20250514,2025-05-14,2025,2,5,May,20,3,Wednesday,false,24,1262606.74,52608.61,60416.32,1193961.50,828182.25,343284.50,22494.75,69.36,69.07,-31.82,158.45,6,24
20250515,2025-05-15,2025,2,5,May,20,4,Thursday,false,24,1262879.08,52619.96,61383.39,1252690.25,897274.25,323184.75,32231.25,71.63,66.24,-14.76,130.74,6,24
20250516,2025-05-16,2025,2,5,May,20,5,Friday,false,24,1247131.86,51963.83,59766.04,1154791.50,799693.00,319387.25,35711.25,69.25,73.40,-3.15,154.91,5,24
20250517,2025-05-17,2025,2,5,May,20,6,Saturday,true,24,1078920.79,44955.03,50254.14,1043005.00,754993.50,255941.75,32069.75,72.39,59.51,-11.27,130.21,7,24
20250518,2025-05-18,2025,2,5,May,20,7,Sunday,true,24,1010614.71,42108.95,47728.77,967319.25,675753.75,269057.50,22508.00,69.86,62.93,-15.00,130.47,6,24
20250519,2025-05-19,2025,2,5,May,21,1,Monday,false,24,1217021.02,50709.21,58316.28,1064247.00,613569.25,412517.25,38160.50,57.65,95.54,5.00,229.11,0,24
20250520,2025-05-20,2025,2,5,May,21,2,Tuesday,false,24,1264564.07,52690.17,59204.92,1130385.00,666385.25,434686.50,29313.25,58.95,91.14,0.01,192.25,0,24
20250521,2025-05-21,2025,2,5,May,21,3,Wednesday,false,24,1295891.67,53995.49,61962.00,1332121.50,917904.25,386702.50,27514.75,68.91,71.35,-2.20,116.54,4,24
20250522,2025-05-22,2025,2,5,May,21,4,Thursday,false,24,1306048.85,54418.70,61816.11,1371730.50,974578.00,370767.75,26384.75,71.05,61.22,-15.40,127.25,6,24
20250523,2025-05-23,2025,2,5,May,21,5,Friday,false,24,1263989.72,52666.24,61025.22,1246036.50,894927.75,322405.50,28703.25,71.82,82.57,0.00,139.29,0,24
20250524,2025-05-24,2025,2,5,May,21,6,Saturday,true,24,1068737.29,44530.72,48945.66,1103416.75,857267.00,208944.50,37205.25,77.69,58.10,-1.77,111.00,7,24
20250525,2025-05-25,2025,2,5,May,21,7,Sunday,true,24,1050473.74,43769.74,50278.35,1061748.75,848239.50,187808.50,25700.75,79.89,23.71,-5.05,107.41,7,24
20250526,2025-05-26,2025,2,5,May,22,1,Monday,false,24,1241197.23,51716.55,59834.17,1155801.00,837100.25,278906.25,39794.50,72.43,72.91,-1.45,169.87,4,24
20250527,2025-05-27,2025,2,5,May,22,2,Tuesday,false,24,1275493.08,53145.55,60808.82,1258919.50,939000.00,292489.25,27430.25,74.59,61.85,0.02,137.60,0,24
20250528,2025-05-28,2025,2,5,May,22,3,Wednesday,false,24,1278889.32,53287.06,63699.13,1233553.25,895373.00,303618.25,34562.00,72.58,84.19,42.10,139.91,0,24
20250529,2025-05-29,2025,2,5,May,22,4,Thursday,false,24,1032899.17,43037.47,47601.37,1023227.00,760760.75,230342.00,32124.25,74.35,56.29,-1.99,99.13,4,24
20250530,2025-05-30,2025,2,5,May,22,5,Friday,false,24,1123246.26,46801.93,53703.18,1210927.25,957586.75,220094.25,33246.25,79.08,48.19,-3.10,145.89,6,24
20250531,2025-05-31,2025,2,5,May,22,6,Saturday,true,24,1019758.91,42489.95,46489.70,892620.00,592506.25,255901.00,44212.75,66.38,70.51,-13.17,192.37,7,24
20250601,2025-06-01,2025,2,6,June,22,7,Sunday,true,24,991524.22,41313.51,46785.06,947501.00,723776.25,205269.50,18455.25,76.39,39.58,-20.41,106.86,9,24
20250602,2025-06-02,2025,2,6,June,23,1,Monday,false,24,1259343.29,52472.64,61164.45,1027645.50,641643.50,341226.25,44775.75,62.44,87.04,11.00,245.37,0,24
20250603,2025-06-03,2025,2,6,June,23,2,Tuesday,false,24,1262216.34,52592.35,59773.47,1114686.75,762498.25,322731.00,29457.50,68.40,71.69,-4.32,132.90,5,24
20250604,2025-06-04,2025,2,6,June,23,3,Wednesday,false,24,1309261.89,54552.58,62339.29,1093967.75,779996.50,286311.50,27659.75,71.30,83.11,9.69,192.85,0,24
20250605,2025-06-05,2025,2,6,June,23,4,Thursday,false,24,1272380.63,53015.86,61224.82,1120385.75,805239.50,280966.25,34180.00,71.87,80.16,7.07,136.40,0,24
20250606,2025-06-06,2025,2,6,June,23,5,Friday,false,24,1272941.74,53039.24,63081.90,1355979.75,1122353.25,200395.50,33231.00,82.77,48.63,-5.06,129.29,7,24
20250607,2025-06-07,2025,2,6,June,23,6,Saturday,true,24,1047261.72,43635.91,49296.03,969385.50,716505.25,216640.25,36240.00,73.91,59.72,-0.87,110.26,4,24
20250608,2025-06-08,2025,2,6,June,23,7,Sunday,true,24,968145.42,40339.39,45873.75,1129715.50,946621.50,161127.75,21966.25,83.79,22.64,-53.06,93.84,10,24
20250609,2025-06-09,2025,2,6,June,24,1,Monday,false,24,977176.09,40715.67,44674.46,1071239.00,839125.00,185145.00,46969.00,78.33,33.31,-19.33,148.42,8,24
20250610,2025-06-10,2025,2,6,June,24,2,Tuesday,false,24,1216300.90,50679.20,59328.16,1244359.50,995752.50,223431.25,25175.75,80.02,54.12,-4.26,97.94,4,24
20250611,2025-06-11,2025,2,6,June,24,3,Wednesday,false,24,1246334.65,51930.61,59159.64,1164639.25,850870.25,271866.50,41902.50,73.06,71.60,-3.40,217.00,5,24
20250612,2025-06-12,2025,2,6,June,24,4,Thursday,false,24,1231336.53,51305.69,57593.14,1218052.75,917899.25,262624.50,37529.00,75.36,59.28,-27.90,132.00,6,24
20250613,2025-06-13,2025,2,6,June,24,5,Friday,false,24,1229177.51,51215.73,57973.39,1347554.50,1055489.75,253432.25,38632.50,78.33,52.09,-6.09,111.19,6,24
20250614,2025-06-14,2025,2,6,June,24,6,Saturday,true,24,1079866.72,44994.45,48649.35,1159101.75,915095.50,212292.75,31713.50,78.95,44.38,-38.00,127.27,7,24
20250615,2025-06-15,2025,2,6,June,24,7,Sunday,true,24,1014537.62,42272.40,46700.59,902078.25,644618.50,234895.00,22564.75,71.46,61.84,-5.61,135.43,6,24
20250616,2025-06-16,2025,2,6,June,25,1,Monday,false,24,1256013.22,52333.88,59251.40,1149831.75,775547.25,342448.75,31835.75,67.45,81.10,0.00,190.00,0,24
20250617,2025-06-17,2025,2,6,June,25,2,Tuesday,false,24,1255319.10,52304.96,58126.00,1130183.50,708703.25,389454.25,32026.00,62.71,84.65,-6.20,241.80,5,24
20250618,2025-06-18,2025,2,6,June,25,3,Wednesday,false,24,1254661.22,52277.55,58651.93,1172850.00,734493.25,407012.50,31344.25,62.62,79.82,-2.30,175.32,4,24
20250619,2025-06-19,2025,2,6,June,25,4,Thursday,false,24,1116813.26,46533.89,50247.18,1151726.25,849718.50,273046.75,28961.00,73.78,56.02,-65.44,141.80,7,24
20250620,2025-06-20,2025,2,6,June,25,5,Friday,false,24,1128203.65,47008.49,52472.70,1045560.75,729621.50,281484.00,34455.25,69.78,87.05,-1.00,201.29,2,24
20250621,2025-06-21,2025,2,6,June,25,6,Saturday,true,24,1024147.50,42672.81,46552.11,968910.25,659259.50,276586.00,33064.75,68.04,72.61,-29.98,165.30,5,24
20250622,2025-06-22,2025,2,6,June,25,7,Sunday,true,24,988039.15,41168.30,48073.80,998421.25,764405.50,201134.25,32881.50,76.56,41.47,-99.01,134.33,9,24
20250623,2025-06-23,2025,2,6,June,26,1,Monday,false,24,1291395.97,53808.17,62778.70,1368740.50,1105894.75,240505.50,22340.25,80.80,38.74,-32.75,97.78,9,24
20250624,2025-06-24,2025,2,6,June,26,2,Tuesday,false,24,1291527.33,53813.64,59440.05,1426953.25,1137393.00,266467.50,23092.75,79.71,47.22,-22.75,123.90,8,24
20250625,2025-06-25,2025,2,6,June,26,3,Wednesday,false,24,1297156.51,54048.19,60248.94,1340570.50,940610.25,367486.50,32473.75,70.16,80.15,-0.51,247.02,3,24
20250626,2025-06-26,2025,2,6,June,26,4,Thursday,false,24,1309342.47,54555.94,62469.02,1205805.50,810933.25,373587.00,21285.25,67.25,91.36,48.99,120.91,0,24
20250627,2025-06-27,2025,2,6,June,26,5,Friday,false,24,1299277.12,54136.55,63766.42,1248920.00,867347.50,357778.50,23794.00,69.45,81.19,7.87,134.94,0,24
20250628,2025-06-28,2025,2,6,June,26,6,Saturday,true,24,1093230.95,45551.29,50960.54,1157895.50,919501.25,213922.50,24471.75,79.41,52.51,-3.09,123.86,6,24
20250629,2025-06-29,2025,2,6,June,26,7,Sunday,true,24,1040360.47,43348.35,49139.16,1099763.50,847537.25,232238.00,19988.25,77.07,54.12,-24.01,118.07,6,24
20250630,2025-06-30,2025,2,6,June,27,1,Monday,false,24,1255048.24,52293.68,59880.08,1169957.00,721286.50,414359.25,34311.25,61.65,102.42,9.96,288.97,0,24
20250701,2025-07-01,2025,3,7,July,27,2,Tuesday,false,24,1307003.53,54458.48,60845.43,1222192.35,711935.35,481779.25,28477.75,58.25,138.36,42.47,476.19,0,24
20250702,2025-07-02,2025,3,7,July,27,3,Wednesday,false,24,1334773.22,55615.55,61982.21,1247295.38,770235.38,454279.75,22780.25,61.75,103.89,32.59,240.07,0,24
20250703,2025-07-03,2025,3,7,July,27,4,Thursday,false,24,1337490.23,55728.76,64026.38,1254488.70,840767.20,387148.75,26572.75,67.02,86.47,24.72,166.67,0,24
20250704,2025-07-04,2025,3,7,July,27,5,Friday,false,24,1264036.11,52668.17,60129.65,1162551.64,727267.39,403764.75,31519.50,62.56,79.62,-1.56,150.10,4,24
20250705,2025-07-05,2025,3,7,July,27,6,Saturday,true,24,1085138.89,45214.12,50260.98,1166390.22,889956.22,253360.75,23073.25,76.30,53.86,-2.26,122.96,6,24
20250706,2025-07-06,2025,3,7,July,27,7,Sunday,true,24,1029455.67,42893.99,47532.42,984205.17,681664.42,271792.25,30748.50,69.26,73.49,5.85,125.04,0,24
20250707,2025-07-07,2025,3,7,July,28,1,Monday,false,24,1272024.68,53001.03,61323.59,1094548.21,653881.21,414728.50,25938.50,59.74,99.97,50.67,152.29,0,24
20250708,2025-07-08,2025,3,7,July,28,2,Tuesday,false,24,1272612.72,53025.53,60637.05,1187362.12,796476.12,369458.00,21428.00,67.08,90.01,53.04,123.34,0,24
20250709,2025-07-09,2025,3,7,July,28,3,Wednesday,false,24,1256383.85,52349.33,59910.45,1135552.27,701326.52,408459.25,25766.50,61.76,91.80,37.78,138.24,0,24
20250710,2025-07-10,2025,3,7,July,28,4,Thursday,false,24,1238400.17,51600.01,58050.68,1082084.04,627047.79,428380.00,26656.25,57.95,90.41,39.51,134.67,0,24
20250711,2025-07-11,2025,3,7,July,28,5,Friday,false,24,1252048.55,52168.69,60586.17,1111461.73,704644.98,379467.00,27349.75,63.40,87.88,32.04,118.08,0,24
20250712,2025-07-12,2025,3,7,July,28,6,Saturday,true,24,1076166.51,44840.27,50486.56,923540.14,631782.89,264748.25,27009.00,68.41,72.26,0.00,125.02,0,24
20250713,2025-07-13,2025,3,7,July,28,7,Sunday,true,24,998775.37,41615.64,46423.64,875653.83,559258.83,292368.75,24026.25,63.87,73.49,0.00,127.70,0,24
20250714,2025-07-14,2025,3,7,July,29,1,Monday,false,24,1222517.10,50938.21,59355.50,1011865.65,537124.90,444436.25,30304.50,53.08,98.47,55.82,141.57,0,24
20250715,2025-07-15,2025,3,7,July,29,2,Tuesday,false,24,1230154.30,51256.43,59177.57,1077665.57,647675.57,414256.75,15733.25,60.10,90.82,40.20,141.99,0,24
20250716,2025-07-16,2025,3,7,July,29,3,Wednesday,false,24,1257582.24,52399.26,61183.85,1117519.59,632398.59,457587.50,27533.50,56.59,95.75,68.06,129.04,0,24
20250717,2025-07-17,2025,3,7,July,29,4,Thursday,false,24,1244254.31,51843.93,60043.24,1205726.45,725388.70,460225.25,20112.50,60.16,92.61,49.78,132.00,0,24
20250718,2025-07-18,2025,3,7,July,29,5,Friday,false,24,1189939.19,49580.80,57188.94,1052546.25,510520.00,508952.50,33073.75,48.50,100.93,71.20,146.55,0,24
20250719,2025-07-19,2025,3,7,July,29,6,Saturday,true,24,1036075.85,43169.83,47328.15,1021247.43,674423.43,318713.50,28110.50,66.04,70.14,-0.01,114.47,1,24
20250720,2025-07-20,2025,3,7,July,29,7,Sunday,true,24,986846.07,41118.59,46870.67,986465.53,680082.78,293168.00,13214.75,68.94,71.48,-0.01,116.00,1,24
20250721,2025-07-21,2025,3,7,July,30,1,Monday,false,24,1246908.62,51954.53,61078.84,1002049.42,504830.42,462865.50,34353.50,50.38,100.23,79.73,126.56,0,24
20250722,2025-07-22,2025,3,7,July,30,2,Tuesday,false,24,1246405.10,51933.55,59642.24,1166601.12,788521.62,356810.50,21269.00,67.59,78.38,0.17,113.22,0,24
20250723,2025-07-23,2025,3,7,July,30,3,Wednesday,false,24,1254440.49,52268.35,59836.62,1345708.71,970172.71,355421.75,20114.25,72.09,78.25,23.73,119.74,0,24
20250724,2025-07-24,2025,3,7,July,30,4,Thursday,false,24,1244556.00,51856.50,59984.24,1044012.38,482509.38,530062.50,31440.50,46.22,102.55,80.43,154.16,0,24
20250725,2025-07-25,2025,3,7,July,30,5,Friday,false,24,1219140.32,50797.51,59172.48,1020639.41,531769.66,464436.00,24433.75,52.10,97.43,76.31,121.21,0,24
20250726,2025-07-26,2025,3,7,July,30,6,Saturday,true,24,1041632.81,43401.37,48424.06,874200.15,463408.65,388940.50,21851.00,53.01,91.16,49.87,127.07,0,24
20250727,2025-07-27,2025,3,7,July,30,7,Sunday,true,24,972402.01,40516.75,45646.07,800344.47,504778.47,274011.50,21554.50,63.07,79.43,8.85,114.71,0,24
20250728,2025-07-28,2025,3,7,July,31,1,Monday,false,24,1208580.63,50357.53,59105.76,1014888.09,707763.34,284998.75,22126.00,69.74,94.08,68.33,121.97,0,24
20250729,2025-07-29,2025,3,7,July,31,2,Tuesday,false,24,1248671.68,52027.99,59424.78,1158247.42,852684.67,263904.50,41658.25,73.62,76.95,1.07,126.01,0,24
20250730,2025-07-30,2025,3,7,July,31,3,Wednesday,false,24,1233729.99,51405.42,60132.43,1143444.00,821581.25,289456.50,32406.25,71.85,75.95,10.70,109.07,0,24
20250731,2025-07-31,2025,3,7,July,31,4,Thursday,false,24,1227633.21,51151.38,59449.88,1125957.23,807701.48,289961.50,28294.25,71.73,85.52,35.06,128.27,0,24
20250801,2025-08-01,2025,3,8,August,31,5,Friday,false,24,1188027.77,49501.16,58248.96,960637.68,630187.68,297484.25,32965.75,65.60,93.19,49.06,119.23,0,24
20250802,2025-08-02,2025,3,8,August,31,6,Saturday,true,24,1020379.22,42515.80,48965.75,951326.99,692115.99,226101.00,33110.00,72.75,67.15,0.00,109.49,0,24
20250803,2025-08-03,2025,3,8,August,31,7,Sunday,true,24,969225.37,40384.39,45324.42,960987.26,764349.26,178952.00,17686.00,79.54,42.25,-10.08,97.87,7,24
20250804,2025-08-04,2025,3,8,August,32,1,Monday,false,24,1186266.50,49427.77,58412.01,1101710.37,846309.87,216128.00,39272.50,76.82,63.46,0.02,102.72,0,24
20250805,2025-08-05,2025,3,8,August,32,2,Tuesday,false,24,1226280.20,51095.01,59267.92,1208151.32,985510.57,185661.75,36979.00,81.57,36.05,-11.83,107.15,8,24
20250806,2025-08-06,2025,3,8,August,32,3,Wednesday,false,24,1208954.39,50373.10,57266.39,1129117.59,878625.09,212148.50,38344.00,77.82,61.94,-11.79,170.16,7,24
20250807,2025-08-07,2025,3,8,August,32,4,Thursday,false,24,1191205.61,49633.57,56181.85,992390.93,693895.18,267659.50,30836.25,69.92,71.79,-1.99,141.94,4,24
20250808,2025-08-08,2025,3,8,August,32,5,Friday,false,24,1177651.24,49068.80,56076.73,1012994.01,686704.51,296084.50,30205.00,67.79,76.16,-0.02,151.51,3,24
20250809,2025-08-09,2025,3,8,August,32,6,Saturday,true,24,1012707.71,42196.15,46463.14,926279.46,636362.71,258835.75,31081.00,68.70,61.42,-15.37,127.62,7,24
20250810,2025-08-10,2025,3,8,August,32,7,Sunday,true,24,952554.08,39689.75,44325.72,981618.53,742515.28,214346.75,24756.50,75.64,46.80,-61.08,122.45,8,24
20250811,2025-08-11,2025,3,8,August,33,1,Monday,false,24,1142493.75,47603.91,54322.10,1016767.51,643210.26,343079.00,30478.25,63.26,84.48,0.00,191.95,0,24
20250812,2025-08-12,2025,3,8,August,33,2,Tuesday,false,24,1193070.47,49711.27,56193.11,1114762.00,674530.25,414327.25,25904.50,60.51,84.95,3.00,156.16,0,24
20250813,2025-08-13,2025,3,8,August,33,3,Wednesday,false,24,1233356.68,51389.86,58225.24,1129980.75,671777.00,431299.50,26904.25,59.45,99.83,27.89,226.64,0,24
20250814,2025-08-14,2025,3,8,August,33,4,Thursday,false,24,1260041.63,52501.73,59050.28,1085021.96,597301.46,457741.50,29979.00,55.05,105.06,41.02,283.89,0,24
20250815,2025-08-15,2025,3,8,August,33,5,Friday,false,24,1215539.22,50647.47,57240.37,1067960.62,697840.37,340942.25,29178.00,65.34,73.61,0.00,124.01,0,24
20250816,2025-08-16,2025,3,8,August,33,6,Saturday,true,24,1075929.44,44830.39,50343.88,1017518.56,763626.56,227763.75,26128.25,75.05,60.93,-0.01,102.62,3,24
20250817,2025-08-17,2025,3,8,August,33,7,Sunday,true,24,962771.83,40115.49,45449.26,896704.55,613764.05,262630.00,20310.50,68.45,64.05,-1.25,110.66,3,24
20250818,2025-08-18,2025,3,8,August,34,1,Monday,false,24,1158297.99,48262.42,55689.34,1048998.69,603994.94,413454.50,31549.25,57.58,91.53,14.23,197.42,0,24
20250819,2025-08-19,2025,3,8,August,34,2,Tuesday,false,24,1202992.08,50124.67,56458.99,1080984.88,647278.38,404738.00,28968.50,59.88,82.39,8.97,128.62,0,24
20250820,2025-08-20,2025,3,8,August,34,3,Wednesday,false,24,1224377.32,51015.72,58047.06,1063795.18,623229.43,418289.50,22276.25,58.59,91.01,35.00,135.15,0,24
20250821,2025-08-21,2025,3,8,August,34,4,Thursday,false,24,1232372.95,51348.87,57785.18,1121969.26,709929.01,394224.50,17815.75,63.28,92.68,56.26,116.89,0,24
20250822,2025-08-22,2025,3,8,August,34,5,Friday,false,24,1218548.31,50772.85,58160.69,1111240.52,795667.27,285791.25,29782.00,71.60,73.69,0.02,113.00,0,24
20250823,2025-08-23,2025,3,8,August,34,6,Saturday,true,24,1051705.06,43821.04,48581.11,1016273.98,764887.98,229963.50,21422.50,75.26,67.88,0.06,123.67,0,24
20250824,2025-08-24,2025,3,8,August,34,7,Sunday,true,24,967270.24,40302.93,46357.22,902521.41,636856.91,241685.50,23979.00,70.56,63.05,-7.45,117.31,6,24
20250825,2025-08-25,2025,3,8,August,35,1,Monday,false,24,1180205.97,49175.25,57062.50,1002540.47,619195.72,356395.75,26949.00,61.76,89.09,5.93,232.82,0,24
20250826,2025-08-26,2025,3,8,August,35,2,Tuesday,false,24,1203112.85,50129.70,58146.12,1082658.62,609861.62,448956.75,23840.25,56.33,99.79,26.28,196.88,0,24
20250827,2025-08-27,2025,3,8,August,35,3,Wednesday,false,24,1243446.71,51810.28,59422.53,1114047.26,643677.26,446345.25,24024.75,57.78,104.62,50.68,222.07,0,24
20250828,2025-08-28,2025,3,8,August,35,4,Thursday,false,24,1267287.46,52803.64,61810.20,941167.71,395135.46,523239.50,22792.75,41.98,115.89,87.09,210.00,0,24
20250829,2025-08-29,2025,3,8,August,35,5,Friday,false,24,1210578.69,50440.78,59410.29,1030732.48,600692.98,407575.75,22463.75,58.28,94.12,53.96,147.68,0,24
20250830,2025-08-30,2025,3,8,August,35,6,Saturday,true,24,1027471.27,42811.30,48623.71,943583.49,649042.24,268645.00,25896.25,68.78,70.20,-0.38,129.98,3,24
20250831,2025-08-31,2025,3,8,August,35,7,Sunday,true,24,969314.09,40388.09,46624.83,960708.30,701924.80,241617.00,17166.50,73.06,57.62,-1.00,135.10,5,24
20250901,2025-09-01,2025,3,9,September,36,1,Monday,false,24,1232169.80,51340.41,59875.09,1017713.24,569764.24,417393.00,30556.00,55.98,101.46,25.03,250.65,0,24
20250902,2025-09-02,2025,3,9,September,36,2,Tuesday,false,24,1248625.04,52026.04,60391.85,1035708.85,553506.60,453861.50,28340.75,53.44,122.09,78.54,311.51,0,24
20250903,2025-09-03,2025,3,9,September,36,3,Wednesday,false,24,1278666.81,53277.78,60666.30,1321414.58,985122.08,319368.75,16923.75,74.55,65.67,-0.28,112.34,3,24
20250904,2025-09-04,2025,3,9,September,36,4,Thursday,false,24,1276098.42,53170.77,60435.25,1189144.12,803140.62,356035.25,29968.25,67.54,87.61,3.20,350.00,0,24
20250905,2025-09-05,2025,3,9,September,36,5,Friday,false,24,1235635.84,51484.83,61063.62,1071001.48,574782.98,471125.25,25093.25,53.67,99.92,70.17,154.53,0,24
20250906,2025-09-06,2025,3,9,September,36,6,Saturday,true,24,1016692.76,42362.20,47814.61,953722.73,575544.73,352554.25,25623.75,60.35,75.45,-0.99,158.39,4,24
20250907,2025-09-07,2025,3,9,September,36,7,Sunday,true,24,957650.88,39902.12,47339.57,1063867.22,833943.22,219751.75,10172.25,78.39,42.13,-53.40,108.30,8,24
20250908,2025-09-08,2025,3,9,September,37,1,Monday,false,24,1239445.56,51643.57,60708.12,1117411.98,611809.23,473395.75,32207.00,54.75,123.56,60.84,413.66,0,24
20250909,2025-09-09,2025,3,9,September,37,2,Tuesday,false,24,1282017.21,53417.38,62189.54,1038714.26,410995.26,600007.50,27711.50,39.57,142.45,85.51,386.40,0,24
20250910,2025-09-10,2025,3,9,September,37,3,Wednesday,false,24,1283017.70,53459.07,62398.98,1003619.20,395152.95,580464.00,28002.25,39.37,125.95,86.09,275.19,0,24
20250911,2025-09-11,2025,3,9,September,37,4,Thursday,false,24,1266991.66,52791.32,61191.21,1247979.83,905031.08,319037.25,23911.50,72.52,72.18,-0.72,132.86,3,24
20250912,2025-09-12,2025,3,9,September,37,5,Friday,false,24,1249855.62,52077.32,61216.48,1247837.61,954705.36,263269.75,29862.50,76.51,54.13,-8.66,155.36,6,24
20250913,2025-09-13,2025,3,9,September,37,6,Saturday,true,24,1063641.28,44318.39,50838.24,1091510.72,851466.97,216107.50,23936.25,78.01,60.96,-0.01,121.90,3,24
20250914,2025-09-14,2025,3,9,September,37,7,Sunday,true,24,984751.28,41031.30,47137.35,941062.72,670485.47,237560.75,33016.50,71.25,71.72,-0.01,153.29,1,24
20250915,2025-09-15,2025,3,9,September,38,1,Monday,false,24,1269431.00,52892.96,61880.55,1434322.48,1236052.48,172330.75,25939.25,86.18,8.83,-14.27,54.31,8,24
20250916,2025-09-16,2025,3,9,September,38,2,Tuesday,false,24,1305156.51,54381.52,63691.75,1470923.97,1261546.22,185586.50,23791.25,85.77,19.52,-20.05,112.97,14,24
20250917,2025-09-17,2025,3,9,September,38,3,Wednesday,false,24,1301100.60,54212.53,62336.01,1299613.80,979513.30,292185.00,27915.50,75.37,75.34,7.88,142.58,0,24
20250918,2025-09-18,2025,3,9,September,38,4,Thursday,false,24,1302371.64,54265.49,61911.44,1322955.11,1028955.36,269269.75,24730.00,77.78,65.73,0.00,134.23,0,24
20250919,2025-09-19,2025,3,9,September,38,5,Friday,false,24,1262812.23,52617.18,62139.53,1181248.23,796072.98,353297.50,31877.75,67.39,96.48,0.00,409.24,0,24
20250920,2025-09-20,2025,3,9,September,38,6,Saturday,true,24,1060294.66,44178.94,49972.01,1106691.73,869565.48,213184.00,23942.25,78.57,58.71,-10.86,134.10,5,24
20250921,2025-09-21,2025,3,9,September,38,7,Sunday,true,24,1040798.05,43366.59,50832.06,1092763.49,857267.49,224445.25,11050.75,78.45,32.18,-2.02,120.57,5,24
20250922,2025-09-22,2025,3,9,September,39,1,Monday,false,24,1277537.92,53230.75,63224.19,1086187.87,664398.12,400684.00,21105.75,61.17,97.50,70.23,140.92,0,24
20250923,2025-09-23,2025,3,9,September,39,2,Tuesday,false,24,1277676.49,53236.52,61270.23,1178149.57,622160.07,531390.25,24599.25,52.81,103.09,74.24,172.36,0,24
20250924,2025-09-24,2025,3,9,September,39,3,Wednesday,false,24,1311220.18,54634.17,62470.94,1335764.29,952416.04,364811.00,18537.25,71.30,79.19,9.90,120.45,0,24
20250925,2025-09-25,2025,3,9,September,39,4,Thursday,false,24,1367760.97,56990.04,65015.96,1366205.78,978944.78,357629.75,29631.25,71.65,81.81,16.03,124.99,0,24
20250926,2025-09-26,2025,3,9,September,39,5,Friday,false,24,1349417.03,56225.71,65972.03,1237486.18,777092.93,436465.75,23927.50,62.80,94.96,73.16,133.02,0,24
20250927,2025-09-27,2025,3,9,September,39,6,Saturday,true,24,1118397.81,46599.91,52861.01,935917.44,533671.94,386231.25,16014.25,57.02,92.80,36.11,148.61,0,24
20250928,2025-09-28,2025,3,9,September,39,7,Sunday,true,24,1032988.17,43041.17,50594.46,890701.75,468015.75,412200.25,10485.75,52.54,87.18,8.53,137.97,0,24
20250929,2025-09-29,2025,3,9,September,40,1,Monday,false,24,1277062.68,53210.95,62453.32,1102101.74,465135.74,610106.75,26859.25,42.20,130.57,77.08,406.78,0,24
20250930,2025-09-30,2025,3,9,September,40,2,Tuesday,false,24,1302463.15,54269.30,63143.73,1122904.43,456565.18,638420.50,27918.75,40.66,136.17,86.04,357.77,0,24
20251001,2025-10-01,2025,4,10,October,40,3,Wednesday,false,24,1287318.40,53638.27,62430.11,1198179.74,536642.24,634563.50,26974.00,44.79,116.57,66.03,339.99,0,24
20251002,2025-10-02,2025,4,10,October,40,4,Thursday,false,24,1278818.80,53284.12,62499.10,1206203.35,632775.10,544165.75,29262.50,52.46,102.70,60.50,181.09,0,24
20251003,2025-10-03,2025,4,10,October,40,5,Friday,false,24,1096340.84,45680.87,52633.20,1179813.25,882914.00,270985.50,25913.75,74.84,66.76,11.11,120.76,0,24
20251004,2025-10-04,2025,4,10,October,40,6,Saturday,true,24,1169407.76,48725.32,55772.81,1339297.30,1158500.80,155342.75,25453.75,86.50,-0.29,-2.61,3.23,20,24
20251005,2025-10-05,2025,4,10,October,40,7,Sunday,true,24,1129930.24,47080.43,54593.61,1369563.77,1176774.27,171632.25,21157.25,85.92,1.73,-4.98,35.05,17,24
20251006,2025-10-06,2025,4,10,October,41,1,Monday,false,24,1367487.34,56978.64,66370.45,1362330.62,879974.62,456427.00,25929.00,64.59,86.18,9.10,168.32,0,24
20251007,2025-10-07,2025,4,10,October,41,2,Tuesday,false,24,1340346.16,55847.76,64686.10,1086764.13,381443.63,673399.75,31920.75,35.10,137.96,89.55,287.67,0,24
20251008,2025-10-08,2025,4,10,October,41,3,Wednesday,false,24,1334631.66,55609.65,63567.06,1132117.16,393845.41,706785.00,31486.75,34.79,117.58,86.98,199.00,0,24
20251009,2025-10-09,2025,4,10,October,41,4,Thursday,false,24,1365077.81,56878.24,65367.42,1245402.33,522949.33,703050.25,19402.75,41.99,104.91,83.20,149.90,0,24
20251010,2025-10-10,2025,4,10,October,41,5,Friday,false,24,1384604.97,57691.87,66554.33,1297258.27,712245.77,562441.25,22571.25,54.90,96.41,75.69,123.29,0,24
20251011,2025-10-11,2025,4,10,October,41,6,Saturday,true,24,1180054.52,49168.94,54699.67,1050743.73,587829.98,444416.25,18497.50,55.94,90.69,46.77,130.17,0,24
20251012,2025-10-12,2025,4,10,October,41,7,Sunday,true,24,1084331.44,45180.48,52485.61,974036.63,490702.38,471897.25,11437.00,50.38,89.19,52.16,116.64,0,24
20251013,2025-10-13,2025,4,10,October,42,1,Monday,false,24,1312674.51,54694.77,64451.05,1069406.20,321317.45,712438.75,35650.00,30.05,139.05,89.12,306.58,0,24
20251014,2025-10-14,2025,4,10,October,42,2,Tuesday,false,24,1337257.76,55719.07,63877.58,1198491.52,419001.52,751726.50,27763.50,34.96,156.14,98.87,407.21,0,24
20251015,2025-10-15,2025,4,10,October,42,3,Wednesday,false,24,1357894.31,56578.93,65083.51,1165718.46,362163.17,774811.47,28743.82,31.07,145.73,88.17,278.74,0,24
20251016,2025-10-16,2025,4,10,October,42,4,Thursday,false,24,1382481.37,57603.39,65446.73,1263947.98,542458.28,697936.69,23553.01,42.92,100.00,81.48,140.59,0,24
20251017,2025-10-17,2025,4,10,October,42,5,Friday,false,24,1366165.77,56923.57,65444.68,1270382.95,550391.44,697452.98,22538.53,43.32,104.41,86.72,144.84,0,24
20251018,2025-10-18,2025,4,10,October,42,6,Saturday,true,24,1155882.68,48161.78,54288.03,1069323.86,528082.98,523643.60,17597.28,49.38,95.74,67.53,133.24,0,24
20251019,2025-10-19,2025,4,10,October,42,7,Sunday,true,24,1104883.01,46036.79,54814.16,1118595.73,802796.14,302892.32,12907.27,71.77,75.36,20.30,107.69,0,24
20251020,2025-10-20,2025,4,10,October,43,1,Monday,false,24,1395263.42,58135.98,67532.52,1337497.67,924947.22,382231.16,30319.29,69.16,82.26,51.00,131.12,0,24
20251021,2025-10-21,2025,4,10,October,43,2,Tuesday,false,24,1408890.58,58703.77,67285.71,1443191.53,1050045.16,378072.16,15074.21,72.76,67.81,22.28,121.80,0,24
20251022,2025-10-22,2025,4,10,October,43,3,Wednesday,false,24,1375162.16,57298.42,66567.90,1244969.20,554363.52,656487.55,34118.13,44.53,125.07,85.41,296.48,0,24
20251023,2025-10-23,2025,4,10,October,43,4,Thursday,false,24,1403680.99,58486.71,67492.34,1424232.45,1038244.27,372984.74,13003.44,72.90,82.27,60.08,114.93,0,24
20251024,2025-10-24,2025,4,10,October,43,5,Friday,false,24,1406041.53,58585.06,68674.11,1584465.87,1331857.03,229789.15,22819.69,84.06,32.32,-0.01,84.87,2,24
20251025,2025-10-25,2025,4,10,October,43,6,Saturday,true,24,1242940.11,51789.17,58618.74,1448614.19,1226999.03,186680.19,34934.97,84.70,11.22,-0.01,61.27,1,24
20251026,2025-10-26,2025,4,10,October,43,7,Sunday,true,25,1220182.40,48807.30,56462.51,1545599.95,1340912.45,185766.19,18921.31,86.76,6.52,-0.73,42.02,8,25
20251027,2025-10-27,2025,4,10,October,44,1,Monday,false,24,1431538.78,59647.45,68467.88,1491721.99,1181506.58,277144.78,33070.63,79.20,68.40,0.00,126.54,0,24
20251028,2025-10-28,2025,4,10,October,44,2,Tuesday,false,24,1446030.52,60251.27,69184.45,1540815.00,1215068.51,303421.97,22324.52,78.86,66.67,10.22,110.23,0,24
20251029,2025-10-29,2025,4,10,October,44,3,Wednesday,false,24,1416988.66,59041.19,67142.91,1397737.14,957455.28,410840.49,29441.37,68.50,87.72,54.04,128.74,0,24
20251030,2025-10-30,2025,4,10,October,44,4,Thursday,false,24,1398273.74,58261.41,67595.69,1472476.78,1061123.00,392885.45,18468.33,72.06,69.41,0.00,117.93,0,24
20251031,2025-10-31,2025,4,10,October,44,5,Friday,false,24,1294944.21,53956.01,60245.92,1182834.06,705274.80,452077.71,25481.55,59.63,93.25,67.60,132.05,0,24
20251101,2025-11-01,2025,4,11,November,44,6,Saturday,true,24,1154534.35,48105.60,56740.01,1144385.68,883996.91,244429.70,15959.07,77.25,47.63,11.63,89.06,0,24
20251102,2025-11-02,2025,4,11,November,44,7,Sunday,true,24,1111424.45,46309.35,55280.65,962303.05,588822.77,349884.41,23595.87,61.19,85.91,60.33,132.07,0,24
20251103,2025-11-03,2025,4,11,November,45,1,Monday,false,24,1382147.34,57589.47,68011.25,1340784.57,899874.15,420225.59,20684.83,67.12,78.30,28.72,117.26,0,24
20251104,2025-11-04,2025,4,11,November,45,2,Tuesday,false,24,1409263.52,58719.31,67720.52,1357581.19,874292.76,458838.13,24450.30,64.40,73.55,4.93,129.10,0,24
20251105,2025-11-05,2025,4,11,November,45,3,Wednesday,false,24,1406106.75,58587.78,67068.09,1334843.54,784512.52,530224.57,20106.45,58.77,93.43,62.01,147.42,0,24
20251106,2025-11-06,2025,4,11,November,45,4,Thursday,false,24,1412121.96,58838.42,67061.35,1275259.22,562701.64,694836.44,17721.14,44.12,106.21,83.70,154.26,0,24
20251107,2025-11-07,2025,4,11,November,45,5,Friday,false,24,1410070.85,58752.95,66968.51,1172240.56,362132.82,778135.20,31972.54,30.89,110.80,88.80,178.54,0,24
20251108,2025-11-08,2025,4,11,November,45,6,Saturday,true,24,1219418.07,50809.09,58010.01,1018507.49,232215.99,767365.73,18925.77,22.80,106.47,93.97,136.53,0,24
20251109,2025-11-09,2025,4,11,November,45,7,Sunday,true,24,1142668.96,47611.21,55949.83,961395.84,233564.58,717527.79,10303.47,24.29,99.01,88.62,126.10,0,24
20251110,2025-11-10,2025,4,11,November,46,1,Monday,false,24,1380867.24,57536.14,66502.24,1183633.24,397744.86,754062.71,31825.67,33.60,109.89,83.87,157.88,0,24
20251111,2025-11-11,2025,4,11,November,46,2,Tuesday,false,24,1419741.14,59155.88,67095.46,1306109.53,659415.62,620567.13,26126.78,50.49,96.89,74.87,143.26,0,24
20251112,2025-11-12,2025,4,11,November,46,3,Wednesday,false,24,1435908.12,59829.51,68584.53,1385996.86,873292.86,492701.76,20002.24,63.01,80.33,56.93,115.40,0,24
20251113,2025-11-13,2025,4,11,November,46,4,Thursday,false,24,1454544.31,60606.01,69234.60,1437236.63,962765.25,460463.98,14007.40,66.99,69.85,6.00,131.80,0,24
20251114,2025-11-14,2025,4,11,November,46,5,Friday,false,24,1390964.87,57956.87,66424.81,1243699.16,545382.79,668961.51,29354.86,43.85,106.73,78.65,138.35,0,24
20251115,2025-11-15,2025,4,11,November,46,6,Saturday,true,24,1232956.58,51373.19,58469.69,1241090.03,739615.36,489679.50,11795.17,59.59,90.71,68.16,121.80,0,24
20251116,2025-11-16,2025,4,11,November,46,7,Sunday,true,24,1150784.21,47949.34,56070.84,1014049.19,435740.31,560291.94,18016.94,42.97,101.44,85.67,129.37,0,24
20251117,2025-11-17,2025,4,11,November,47,1,Monday,false,24,1470552.35,61273.01,72202.39,1391289.44,696655.79,671024.81,23608.84,50.07,94.72,71.32,126.99,0,24
20251118,2025-11-18,2025,4,11,November,47,2,Tuesday,false,24,1525539.42,63564.14,72634.11,1503898.91,797524.50,685855.22,20519.19,53.03,101.97,77.72,151.66,0,24
20251119,2025-11-19,2025,4,11,November,47,3,Wednesday,false,24,1509612.11,62900.50,71391.63,1452701.42,666168.94,755346.35,31186.13,45.86,102.54,83.19,136.67,0,24
20251120,2025-11-20,2025,4,11,November,47,4,Thursday,false,24,1519621.73,63317.57,72888.96,1389617.17,528856.21,829955.31,30805.65,38.06,125.99,86.80,175.83,0,24
20251121,2025-11-21,2025,4,11,November,47,5,Friday,false,24,1496328.59,62347.02,71017.82,1338606.89,404194.62,896418.84,37993.43,30.20,146.48,90.19,251.87,0,24
20251122,2025-11-22,2025,4,11,November,47,6,Saturday,true,24,1347247.71,56135.32,63240.12,1270924.49,693203.40,564024.99,13696.10,54.54,91.25,75.37,114.46,0,24
20251123,2025-11-23,2025,4,11,November,47,7,Sunday,true,24,1315655.88,54819.00,65478.08,1368723.81,904799.93,456320.33,7603.55,66.11,71.43,60.89,83.80,0,24
20251124,2025-11-24,2025,4,11,November,48,1,Monday,false,24,1524977.00,63540.71,72990.13,1382900.75,581766.65,772151.96,28982.14,42.07,132.36,70.06,263.48,0,24
20251125,2025-11-25,2025,4,11,November,48,2,Tuesday,false,24,1495486.67,62311.94,70530.37,1260088.20,312214.17,908926.33,38947.70,24.78,220.52,96.10,373.31,0,24
20251126,2025-11-26,2025,4,11,November,48,3,Wednesday,false,24,1516830.71,63201.28,72053.58,1270991.50,338349.30,888884.04,43758.16,26.62,161.52,88.33,294.61,0,24
20251127,2025-11-27,2025,4,11,November,48,4,Thursday,false,24,1573451.32,65560.47,75635.21,1495311.57,877968.65,607019.28,10323.64,58.71,91.18,69.46,123.10,0,24
20251128,2025-11-28,2025,4,11,November,48,5,Friday,false,24,1528477.05,63686.54,72387.51,1450993.68,847167.66,573891.94,29934.08,58.39,85.05,47.88,104.67,0,24
20251129,2025-11-29,2025,4,11,November,48,6,Saturday,true,24,1287227.72,53634.49,60377.86,1198290.63,667623.40,519083.78,11583.45,55.71,90.19,77.73,107.09,0,24
20251130,2025-11-30,2025,4,11,November,48,7,Sunday,true,24,1245781.25,51907.55,60055.43,1266667.58,762115.33,494780.46,9771.79,60.17,84.15,65.36,106.21,0,24
20251201,2025-12-01,2025,4,12,December,49,1,Monday,false,24,1519272.99,63303.04,73635.80,1415703.23,854141.76,537376.04,24185.43,60.33,93.43,71.80,139.33,0,24
20251202,2025-12-02,2025,4,12,December,49,2,Tuesday,false,24,1567802.88,65325.12,73852.20,1434257.99,762501.55,643995.23,27761.21,53.16,100.37,50.47,163.20,0,24
20251203,2025-12-03,2025,4,12,December,49,3,Wednesday,false,24,1535110.10,63962.92,72761.33,1237645.13,299430.45,888568.58,49646.10,24.19,164.81,89.07,308.35,0,24
20251204,2025-12-04,2025,4,12,December,49,4,Thursday,false,24,1545582.51,64399.27,72831.86,1273841.04,368535.67,872781.29,32524.08,28.93,124.86,90.36,163.98,0,24
20251205,2025-12-05,2025,4,12,December,49,5,Friday,false,24,1505099.94,62712.50,70945.92,1219060.92,297761.12,876700.73,44599.07,24.43,133.29,84.12,184.43,0,24
20251206,2025-12-06,2025,4,12,December,49,6,Saturday,true,24,1319180.22,54965.84,62847.61,1282340.71,874273.13,401015.29,7052.29,68.18,79.62,64.59,95.59,0,24
20251207,2025-12-07,2025,4,12,December,49,7,Sunday,true,24,1190542.32,49605.93,57129.52,1168532.32,763895.84,377888.06,26748.42,65.37,80.39,41.74,111.82,0,24
20251208,2025-12-08,2025,4,12,December,50,1,Monday,false,24,1481836.62,61743.19,72159.12,1481261.61,1038929.00,429420.89,12911.72,70.14,70.64,5.59,109.85,0,24
20251209,2025-12-09,2025,4,12,December,50,2,Tuesday,false,24,1468406.23,61183.59,69890.05,1331233.05,787706.85,510466.39,33059.81,59.17,91.57,55.42,129.75,0,24
20251210,2025-12-10,2025,4,12,December,50,3,Wednesday,false,24,1506556.21,62773.18,72047.33,1438598.38,896622.92,514432.91,27542.55,62.33,78.50,31.00,105.67,0,24
20251211,2025-12-11,2025,4,12,December,50,4,Thursday,false,24,1524915.09,63538.13,72784.53,1413717.84,802769.67,602029.18,8918.99,56.78,94.46,72.52,115.41,0,24
20251212,2025-12-12,2025,4,12,December,50,5,Friday,false,24,1436418.55,59850.77,67993.27,1177946.22,384941.11,746919.04,46086.07,32.68,113.44,83.78,146.83,0,24
20251213,2025-12-13,2025,4,12,December,50,6,Saturday,true,24,1303270.78,54302.95,61552.20,1123769.75,481594.43,626891.00,15284.32,42.86,95.92,79.14,119.71,0,24
20251214,2025-12-14,2025,4,12,December,50,7,Sunday,true,24,1273815.64,53075.65,61299.02,1186817.22,706757.97,473799.01,6260.24,59.55,86.21,75.75,103.29,0,24
20251215,2025-12-15,2025,4,12,December,51,1,Monday,false,24,1482239.11,61759.96,71343.03,1354707.78,780255.96,552071.96,22379.86,57.60,87.40,70.67,108.66,0,24
20251216,2025-12-16,2025,4,12,December,51,2,Tuesday,false,24,1472258.48,61344.10,69261.16,1333601.02,553017.96,735359.94,45223.12,41.47,106.74,77.10,162.20,0,24
20251217,2025-12-17,2025,4,12,December,51,3,Wednesday,false,24,1455822.18,60659.26,68912.39,1299028.66,484327.40,783669.29,31031.97,37.28,106.40,85.00,133.46,0,24
20251218,2025-12-18,2025,4,12,December,51,4,Thursday,false,24,1447386.90,60307.79,68909.66,1420529.22,1009097.38,394047.07,17384.77,71.04,74.22,18.65,114.49,0,24
20251219,2025-12-19,2025,4,12,December,51,5,Friday,false,24,1399186.53,58299.44,66373.26,1334174.81,871434.40,449684.46,13055.95,65.32,70.07,3.51,107.48,0,24
20251220,2025-12-20,2025,4,12,December,51,6,Saturday,true,24,1196565.21,49856.88,56772.59,1020040.09,360844.95,625063.67,34131.47,35.38,103.06,83.40,122.39,0,24
20251221,2025-12-21,2025,4,12,December,51,7,Sunday,true,24,1151739.23,47989.13,55909.40,1121815.94,652838.19,464669.10,4308.65,58.19,91.57,70.91,107.01,0,24
20251222,2025-12-22,2025,4,12,December,52,1,Monday,false,24,1329527.50,55396.98,63863.30,1316847.00,833384.95,451766.83,31695.22,63.29,85.56,66.31,107.89,0,24
20251223,2025-12-23,2025,4,12,December,52,2,Tuesday,false,24,1338046.03,55751.92,64617.62,1428296.33,1001255.55,412110.21,14930.57,70.10,74.73,58.11,85.47,0,24
20251224,2025-12-24,2025,4,12,December,52,3,Wednesday,false,24,1221422.58,50892.61,57503.34,1348692.45,1012428.80,322958.90,13304.75,75.07,69.38,55.84,89.13,0,24
20251225,2025-12-25,2025,4,12,December,52,4,Thursday,false,24,1154458.12,48102.42,54379.03,1143843.46,733962.63,391846.74,18034.09,64.17,69.75,47.87,96.15,0,24
20251226,2025-12-26,2025,4,12,December,52,5,Friday,false,24,1155556.26,48148.18,53504.76,993599.32,469247.60,500182.62,24169.10,47.23,97.54,82.31,120.47,0,24
20251227,2025-12-27,2025,4,12,December,52,6,Saturday,true,24,1238451.46,51602.14,61070.96,1114670.39,628541.71,478083.25,8045.43,56.39,91.45,74.54,108.43,0,24
20251228,2025-12-28,2025,4,12,December,52,7,Sunday,true,24,1199335.53,49972.31,57532.60,1014582.53,506983.58,490416.98,17181.97,49.97,92.77,78.82,114.46,0,24
20251229,2025-12-29,2025,4,12,December,1,1,Monday,false,24,1319112.77,54963.03,63795.29,1324314.18,789238.72,520319.21,14756.25,59.60,94.35,82.19,113.88,0,24
20251230,2025-12-30,2025,4,12,December,1,2,Tuesday,false,24,1310279.90,54595.00,62957.86,1254218.63,750833.83,471070.50,32314.30,59.86,87.76,68.54,110.71,0,24
20251231,2025-12-31,2025,4,12,December,1,3,Wednesday,false,24,1255281.78,52303.41,59079.43,1422198.27,954939.53,452070.27,15188.47,67.15,87.31,74.93,110.10,0,24
