month_key,month_start,calendar_year,month_number,month_name,observed_day_count,observed_hour_count,grid_load_mwh,average_grid_load_mw,peak_grid_load_mw,reported_generation_mwh,renewable_generation_mwh,conventional_generation_mwh,storage_generation_mwh,renewable_share_of_reported_generation_percent,average_day_ahead_price_eur_per_mwh,minimum_day_ahead_price_eur_per_mwh,maximum_day_ahead_price_eur_per_mwh,negative_price_hour_count,unavailable_generation_value_count
202201,2022-01-01,2022,1,January,31,744,46287079.00,62213.82,78152.25,48398976.75,21504007.50,26075881.50,819087.75,44.43,167.73,-1.05,399.85,4,0
202202,2022-02-01,2022,2,February,28,672,42317899.00,62973.06,78680.50,46915026.25,26781675.25,19446324.25,687026.75,57.09,128.80,-0.52,322.90,4,0
202203,2022-03-01,2022,3,March,31,743,43923259.50,59116.10,71826.00,45576779.25,18129298.00,26676979.75,770501.50,39.78,252.01,-19.04,700.00,6,0
202204,2022-04-01,2022,4,April,30,720,40131877.25,55738.72,75903.50,42519756.50,21451593.75,20342486.00,725676.75,50.45,165.73,-2.49,309.93,5,0
202205,2022-05-01,2022,5,May,31,744,39880332.50,53602.60,69070.00,38125370.25,20089724.25,17284558.50,751087.50,52.69,177.48,-13.85,298.21,16,0
202206,2022-06-01,2022,6,June,30,720,37360445.00,51889.51,65747.25,36809854.50,17997421.75,17983193.50,829239.25,48.89,218.03,-0.59,500.00,3,0
202207,2022-07-01,2022,7,July,31,744,38359781.75,51558.85,67201.50,41808608.00,19401326.25,21458211.00,949070.75,46.41,315.00,-0.10,679.54,2,0
202208,2022-08-01,2022,8,August,31,744,37448427.00,50333.91,64180.00,37772540.50,16011791.50,20966857.25,793891.75,42.39,465.18,13.29,871.00,0,0
202209,2022-09-01,2022,9,September,30,720,37354092.25,51880.68,66091.50,38543340.75,17020270.50,20676817.50,846252.75,44.16,346.12,2.00,729.90,0,0
202210,2022-10-01,2022,10,October,31,745,38545247.00,51738.59,65808.75,38569945.25,19055695.00,18557773.50,956476.75,49.41,152.60,0.10,497.39,0,0
202211,2022-11-01,2022,11,November,30,720,39774611.25,55242.52,69343.75,41997885.75,18813025.50,22183391.50,1001468.75,44.80,173.63,0.09,503.55,0,0
202212,2022-12-01,2022,12,December,31,744,40912897.25,54990.45,71538.00,42943392.00,17038085.75,24881263.00,1024043.25,39.68,251.62,-3.78,665.01,29,0
202301,2023-01-01,2023,1,January,31,744,42152953.75,56657.20,71710.25,44562883.75,22711835.50,20880941.75,970106.50,50.97,117.83,-5.40,270.22,14,0
202302,2023-02-01,2023,2,February,28,672,38138075.50,56753.09,71039.75,41591603.50,18358493.25,22559183.50,673926.75,44.14,128.31,22.01,245.60,0,0
202303,2023-03-01,2023,3,March,31,743,40877975.25,55017.46,67929.25,43533282.00,22708597.75,19857418.75,967265.50,52.16,102.52,-6.02,217.09,9,0
202304,2023-04-01,2023,4,April,30,720,36156149.75,50216.87,64854.25,36337631.75,19941777.25,15456739.75,939114.75,54.88,100.74,-8.82,207.92,11,0
202305,2023-05-01,2023,5,May,31,744,36323273.25,48821.60,64015.50,33798360.25,21187865.50,11682799.50,927695.25,62.69,81.72,-129.96,182.68,33,0
202306,2023-06-01,2023,6,June,30,720,35475148.75,49271.04,64164.75,32687061.25,19469121.25,12462163.00,755777.00,59.56,94.76,-36.35,197.77,20,0
202307,2023-07-01,2023,7,July,31,744,36253498.00,48727.82,63658.25,34304224.25,22352358.50,11260857.00,691008.75,65.16,77.61,-500.00,188.00,56,0
202308,2023-08-01,2023,8,August,31,744,36307265.00,48800.09,63071.50,31982277.25,18099143.50,13053799.25,829334.50,56.59,94.32,-21.77,291.93,23,0
202309,2023-09-01,2023,9,September,30,720,35812639.25,49739.78,63746.75,32338160.25,17526490.00,13985480.25,826190.00,54.20,100.72,-5.74,524.27,22,0
202310,2023-10-01,2023,10,October,31,745,38794876.75,52073.66,68280.00,38018825.00,21931551.00,15182667.00,904607.00,57.69,87.38,-11.07,250.28,38,0
202311,2023-11-01,2023,11,November,30,720,41090774.00,57070.52,72447.00,41109005.00,22654226.00,17602772.75,852006.25,55.11,91.12,-0.08,261.00,3,0
202312,2023-12-01,2023,12,December,31,744,40999103.00,55106.32,73747.50,43287025.25,24649911.75,17798167.50,838946.00,56.95,68.52,-13.37,230.69,72,0
202401,2024-01-01,2024,1,January,31,744,44095498.25,59268.14,75508.25,45019775.75,24837194.50,19385001.75,797579.50,55.17,76.57,-4.84,150.09,16,36
202402,2024-02-01,2024,2,February,29,696,39956911.00,57409.35,70974.25,39611473.50,23595476.00,15245618.00,770379.50,59.57,61.34,-0.13,136.22,4,696
202403,2024-03-01,2024,3,March,31,743,40192601.75,54095.02,70041.25,38119183.00,21712578.00,15588116.25,818488.75,56.96,64.70,-9.98,174.70,12,743
202404,2024-04-01,2024,4,April,30,720,37730955.50,52404.10,67257.75,35447379.00,22993354.25,11550222.00,903802.75,64.87,62.36,-65.06,204.57,50,720
202405,2024-05-01,2024,5,May,31,744,35983512.75,48364.94,63385.75,33083439.25,21175241.50,11003711.50,904486.25,64.01,67.21,-135.45,221.46,78,744
202406,2024-06-01,2024,6,June,30,720,35704641.25,49589.78,63286.75,32606663.00,20644355.25,11010561.75,951746.00,63.31,72.89,-80.01,235.52,64,720
202407,2024-07-01,2024,7,July,31,744,36973712.75,49695.85,65836.25,33495823.75,21225183.00,11200174.00,1070466.75,63.37,67.70,-73.96,257.35,81,744
202408,2024-08-01,2024,8,August,31,744,36921844.00,49626.13,63410.25,32766383.75,19908049.00,11863696.75,994638.00,60.76,82.05,-59.96,289.27,68,744
202409,2024-09-01,2024,9,September,30,720,36646160.53,50897.45,65057.00,33809086.75,21108167.00,11863249.25,837670.50,62.43,78.31,-24.00,656.37,40,720
202410,2024-10-01,2024,10,October,31,745,38537384.00,51728.03,65491.75,34759714.00,18885984.00,15039636.25,834093.75,54.33,86.10,-15.69,285.80,25,745
202411,2024-11-01,2024,11,November,30,720,41376520.00,57467.39,72944.75,38701564.75,18334035.25,19650342.50,717187.00,47.37,113.91,-1.86,820.11,11,720
202412,2024-12-01,2024,12,December,31,744,41383116.00,55622.47,74516.25,40233990.25,21764375.50,17679460.75,790154.00,54.09,108.32,-2.06,936.28,8,744
202501,2025-01-01,2025,1,January,31,744,44170689.75,59369.21,75361.00,42431050.28,21982044.28,19595893.75,853112.25,51.81,114.14,-1.01,583.40,14,744
202502,2025-02-01,2025,2,February,28,672,40067317.23,59623.98,73879.92,37601211.00,16667015.00,20189210.25,744985.75,44.33,128.52,37.10,298.91,0,672
202503,2025-03-01,2025,3,March,31,743,40563594.77,54594.34,68768.47,37707997.77,19469569.02,17335289.75,903139.00,51.63,94.73,-26.07,280.07,30,743
202504,2025-04-01,2025,4,April,30,720,36341729.39,50474.62,64819.75,33490498.25,19933584.25,12601998.75,954915.25,59.52,77.94,-129.81,263.20,75,720
202505,2025-05-01,2025,5,May,31,744,36264727.81,48742.91,63699.13,34504090.00,24114296.25,9404821.75,984972.00,69.89,67.34,-250.32,229.11,129,744
202506,2025-06-01,2025,6,June,30,720,35278341.43,48997.70,63766.42,34502382.00,25289737.25,8295866.50,916778.25,73.30,63.99,-99.01,288.97,141,720
202507,2025-07-01,2025,7,July,31,744,37035779.42,49779.27,64026.38,33616454.67,21139579.92,11667944.50,808930.25,62.88,87.80,-2.26,476.19,12,744
202508,2025-08-01,2025,8,August,31,744,35373436.10,47544.94,61810.20,31975152.34,21220000.09,9912107.00,843045.25,66.36,76.99,-61.08,283.89,64,744
202509,2025-09-01,2025,9,September,30,720,36471748.95,50655.21,65972.03,34504646.40,22642824.65,11128170.50,733651.25,65.62,83.51,-53.40,413.66,60,720
202510,2025-10-01,2025,10,October,31,745,40475526.45,54329.57,69184.45,39711732.81,24470605.36,14484390.35,756737.10,61.62,84.40,-4.98,407.21,48,745
202511,2025-11-01,2025,11,November,30,720,41470312.23,57597.66,75635.21,38420121.82,19114679.74,18631879.73,673562.35,49.75,101.88,4.93,373.31,0,720
202512,2025-12-01,2025,12,December,31,744,42304479.65,56860.86,73852.20,39429885.49,21712494.61,16997674.64,719716.24,55.07,93.47,3.51,308.35,0,744
